{
    "robot_root_name": "torso",
    "human_root_name": "pelvis",
    "ground_height": 0.0,
    "human_height_assumption": 1.8,
    "use_ik_match_table1": true,
    "use_ik_match_table2": true,
    "human_scale_table": {
        "pelvis": 0.537,
        "spine1": 0.537,
        "spine2": 0.537,
        "spine3": 0.537,
        "neck": 0.429,
        "left_hip": 0.537,
        "right_hip": 0.537,
        "left_knee": 0.537,
        "right_knee": 0.537,
        "left_ankle": 0.537,
        "right_ankle": 0.537,
        "left_foot": 0.537,
        "right_foot": 0.537,
        "left_shoulder": 0.483,
        "right_shoulder": 0.483,
        "left_elbow": 0.483,
        "right_elbow": 0.483,
        "left_wrist": 0.483,
        "right_wrist": 0.483
    },
    "ik_match_table1": {
        "torso": [
            "pelvis",
            100,
            25,
            [
                0.0,
                0.0,
                0.0
            ],
            [
                1.0,
                0.0,
                0.0,
                0.0
            ]
        ],
        "r_hip": [
            "right_hip",
            0,
            20,
            [
                0.0,
                0.0,
                0.0
            ],
            [
                0.9762963478251618,
                -0.21643807711040747,
                0.0,
                0.0
            ]
        ],
        "r_upper_leg": [
            "right_knee",
            0,
            20,
            [
                0.0,
                0.0,
                0.0
            ],
            [
                0.9997991522378343,
                -0.012286221245457387,
                0.010318930755838174,
                -0.012009313888467817
            ]
        ],
        "r_lower_leg": [
            "right_ankle",
            0,
            20,
            [
                0.0,
                0.0,
                0.0
            ],
            [
                0.9997991522378343,
                -0.012286221245457387,
                0.010318930755838174,
                -0.012009313888467817
            ]
        ],
        "r_foot": [
            "right_foot",
            100,
            40,
            [
                0.0,
                0.0,
                0.0
            ],
            [
                0.9997991522378343,
                -0.012286221245457387,
                0.010318930755838174,
                -0.012009313888467817
            ]
        ],
        "l_hip": [
            "left_hip",
            0,
            20,
            [
                0.0,
                0.0,
                0.0
            ],
            [
                0.9762963478251618,
                0.21643807711040747,
                0.0,
                0.0
            ]
        ],
        "l_upper_leg": [
            "left_knee",
            0,
            20,
            [
                0.0,
                0.0,
                0.0
            ],
            [
                0.9997991522378343,
                0.012286221245457387,
                0.010318930755838174,
                0.012009313888467817
            ]
        ],
        "l_lower_leg": [
            "left_ankle",
            0,
            20,
            [
                0.0,
                0.0,
                0.0
            ],
            [
                0.9997991522378343,
                0.012286221245457387,
                0.010318930755838174,
                0.012009313888467817
            ]
        ],
        "l_foot": [
            "left_foot",
            100,
            40,
            [
                0.0,
                0.0,
                0.0
            ],
            [
                0.9997991522378343,
                0.012286221245457387,
                0.010318930755838174,
                0.012009313888467817
            ]
        ],
        "r_prox_shoulder": [
            "right_shoulder",
            0,
            15,
            [
                0.0,
                0.0,
                0.0
            ],
            [
                1.0,
                0.0,
                0.0,
                0.0
            ]
        ],
        "r_upper_arm": [
            "right_elbow",
            0,
            15,
            [
                0.0,
                0.0,
                0.0
            ],
            [
                1.0,
                0.0,
                0.0,
                0.0
            ]
        ],
        "r_lower_arm": [
            "right_wrist",
            0,
            15,
            [
                0.0,
                0.0,
                0.0
            ],
            [
                0.9689123861310411,
                0.0,
                -0.24740409859550105,
                0.0
            ]
        ],
        "l_prox_shoulder": [
            "left_shoulder",
            0,
            15,
            [
                0.0,
                0.0,
                0.0
            ],
            [
                1.0,
                0.0,
                0.0,
                0.0
            ]
        ],
        "l_upper_arm": [
            "left_elbow",
            0,
            15,
            [
                0.0,
                0.0,
                0.0
            ],
            [
                1.0,
                0.0,
                0.0,
                0.0
            ]
        ],
        "l_lower_arm": [
            "left_wrist",
            0,
            15,
            [
                0.0,
                0.0,
                0.0
            ],
            [
                0.9689123861310411,
                0.0,
                -0.24740409859550105,
                0.0
            ]
        ]
    },
    "ik_match_table2": {
        "torso": [
            "pelvis",
            100,
            25,
            [
                0.0,
                0.0,
                0.0
            ],
            [
                1.0,
                0.0,
                0.0,
                0.0
            ]
        ],
        "r_hip": [
            "right_hip",
            0,
            20,
            [
                0.0,
                0.0,
                0.0
            ],
            [
                0.9762963478251618,
                -0.21643807711040747,
                0.0,
                0.0
            ]
        ],
        "r_upper_leg": [
            "right_knee",
            0,
            20,
            [
                0.0,
                0.0,
                0.0
            ],
            [
                0.9997991522378343,
                -0.012286221245457387,
                0.010318930755838174,
                -0.012009313888467817
            ]
        ],
        "r_lower_leg": [
            "right_ankle",
            0,
            20,
            [
                0.0,
                0.0,
                0.0
            ],
            [
                0.9997991522378343,
                -0.012286221245457387,
                0.010318930755838174,
                -0.012009313888467817
            ]
        ],
        "r_foot": [
            "right_foot",
            100,
            40,
            [
                0.0,
                0.0,
                0.0
            ],
            [
                0.9997991522378343,
                -0.012286221245457387,
                0.010318930755838174,
                -0.012009313888467817
            ]
        ],
        "l_hip": [
            "left_hip",
            0,
            20,
            [
                0.0,
                0.0,
                0.0
            ],
            [
                0.9762963478251618,
                0.21643807711040747,
                0.0,
                0.0
            ]
        ],